ticker,earnings,revisions,guidance,news,insider,13f,status,error,fetched_at
A,False,True,False,True,True,True,ok,,2026-07-22T12:20:48.089065Z
AA,True,True,True,True,True,True,ok,,2026-07-22T12:20:48.089065Z
AADX,False,True,False,True,True,True,ok,,2026-07-22T12:20:48.089065Z
AAL,True,True,False,True,True,True,ok,,2026-07-22T12:20:48.089065Z
AAMI,True,True,False,True,True,True,ok,,2026-07-22T12:20:48.089065Z
AAOI,True,True,False,True,True,True,ok,,2026-07-22T12:20:48.089065Z
AAON,True,True,False,True,True,True,ok,,2026-07-22T12:20:48.089065Z
AAP,False,True,False,True,True,True,ok,,2026-07-22T12:20:48.089065Z
AAPL,True,True,False,True,True,True,ok,,2026-07-22T12:20:48.089065Z
AAT,False,False,False,True,False,True,ok,,2026-07-22T12:20:48.089065Z
AAUC,True,True,False,True,True,True,ok,,2026-07-22T12:20:48.089065Z
AB,False,True,False,True,True,True,ok,,2026-07-22T12:20:48.089065Z
ABBV,True,True,False,True,True,True,ok,,2026-07-22T12:20:48.089065Z
ABCB,True,True,False,True,True,True,ok,,2026-07-22T12:20:48.089065Z
ABEV,True,True,False,True,False,True,ok,,2026-07-22T12:20:48.089065Z
ABG,True,True,False,True,True,True,ok,,2026-07-22T12:20:48.089065Z
ABM,True,True,False,True,True,True,ok,,2026-07-22T12:20:48.089065Z
ABNB,True,True,False,True,True,True,ok,,2026-07-22T12:20:48.089065Z
ABR,False,True,False,True,True,True,ok,,2026-07-22T12:20:48.089065Z
ABT,True,True,True,True,True,True,ok,,2026-07-22T12:20:48.089065Z
ABVX,False,True,False,True,False,True,ok,,2026-07-22T12:20:48.089065Z
ABX,True,True,False,True,True,True,ok,,2026-07-22T12:20:48.089065Z
ACA,True,True,False,True,True,True,ok,,2026-07-22T12:20:48.089065Z
ACDC,True,True,False,True,True,True,ok,,2026-07-22T12:20:48.089065Z
ACEL,True,True,False,True,True,True,ok,,2026-07-22T12:20:48.089065Z
ACGL,True,True,False,True,True,True,ok,,2026-07-22T12:20:48.089065Z
ACHR,True,True,False,True,True,True,ok,,2026-07-22T12:20:48.089065Z
ACI,True,True,False,True,True,True,ok,,2026-07-22T12:20:48.089065Z
ACIC,True,True,False,True,True,True,ok,,2026-07-22T12:20:48.089065Z
ACIW,True,True,False,True,True,True,ok,,2026-07-22T12:20:48.089065Z
ACLS,True,True,False,True,True,True,ok,,2026-07-22T12:20:48.089065Z
ACM,True,True,False,True,True,True,ok,,2026-07-22T12:20:48.089065Z
ACMR,True,True,False,True,True,True,ok,,2026-07-22T12:20:48.089065Z
ACN,True,True,False,True,True,True,ok,,2026-07-22T12:20:48.089065Z
ACNB,True,True,False,True,True,True,ok,,2026-07-22T12:20:48.089065Z
ACP,False,True,False,True,True,True,ok,,2026-07-22T12:20:48.089065Z
ACT,True,True,False,True,True,True,ok,,2026-07-22T12:20:48.089065Z
ACVA,True,True,True,True,True,True,ok,,2026-07-22T12:20:48.089065Z
AD,True,True,False,True,True,True,ok,,2026-07-22T12:20:48.089065Z
ADAM,True,True,False,True,True,True,ok,,2026-07-22T12:20:48.089065Z
ADBE,True,True,False,True,True,True,ok,,2026-07-22T12:20:48.089065Z
ADC,True,True,True,True,True,True,ok,,2026-07-22T12:20:48.089065Z
ADEA,True,True,False,True,True,True,ok,,2026-07-22T12:20:48.089065Z
ADI,False,True,False,True,True,True,ok,,2026-07-22T12:20:48.089065Z
ADM,False,True,False,True,True,True,ok,,2026-07-22T12:20:48.089065Z
ADNT,True,True,True,True,True,True,ok,,2026-07-22T12:20:48.089065Z
ADP,True,True,True,True,True,True,ok,,2026-07-22T12:20:48.089065Z
ADSE,True,True,False,True,False,True,ok,,2026-07-22T12:20:48.089065Z
ADSK,True,True,False,True,True,True,ok,,2026-07-22T12:20:48.089065Z
ADT,False,False,False,True,True,True,ok,,2026-07-22T12:20:48.089065Z
ADTN,True,True,False,True,True,True,ok,,2026-07-22T12:36:44.305953Z
ADUR,False,True,False,True,True,True,ok,,2026-07-22T12:36:44.305953Z
ADV,True,True,True,True,True,True,ok,,2026-07-22T12:36:44.305953Z
ADX,False,True,False,True,True,True,ok,,2026-07-22T12:36:44.305953Z
AEBI,True,True,True,True,True,True,ok,,2026-07-22T12:36:44.305953Z
AEE,True,True,True,True,True,True,ok,,2026-07-22T12:36:44.305953Z
AEG,False,True,False,True,False,True,ok,,2026-07-22T12:36:44.305953Z
AEHR,True,True,True,True,True,True,ok,,2026-07-22T12:36:44.305953Z
AEIS,True,True,True,True,True,True,ok,,2026-07-22T12:36:44.305953Z
AEM,True,True,True,True,False,True,ok,,2026-07-22T12:36:44.305953Z
AEO,True,True,False,True,True,True,ok,,2026-07-22T12:36:44.305953Z
AEP,True,True,True,True,True,True,ok,,2026-07-22T12:36:44.305953Z
AER,True,True,False,True,True,True,ok,,2026-07-22T12:36:44.305953Z
AERO,True,True,True,True,True,True,ok,,2026-07-22T12:36:44.305953Z
AES,True,True,False,True,True,True,ok,,2026-07-22T12:36:44.305953Z
AESI,True,True,False,True,True,True,ok,,2026-07-22T12:36:44.305953Z
AEVA,True,True,False,True,True,True,ok,,2026-07-22T12:36:44.305953Z
AEXA,False,True,False,True,True,True,ok,,2026-07-22T12:36:44.305953Z
AFG,True,True,False,True,True,True,ok,,2026-07-22T12:36:44.305953Z
AFL,True,True,True,True,True,True,ok,,2026-07-22T12:36:44.305953Z
AFRM,True,True,False,True,True,True,ok,,2026-07-22T12:36:44.305953Z
AFYA,True,True,True,True,True,True,ok,,2026-07-22T12:36:44.305953Z
AG,True,True,True,True,False,True,ok,,2026-07-22T12:36:44.305953Z
AGBK,True,True,False,True,True,True,ok,,2026-07-22T12:36:44.305953Z
AGCC,False,True,True,True,False,True,ok,,2026-07-22T12:36:44.305953Z
AGCO,True,True,False,True,True,True,ok,,2026-07-22T12:36:44.305953Z
AGI,True,True,True,True,True,True,ok,,2026-07-22T12:36:44.305953Z
AGM,True,True,True,True,True,True,ok,,2026-07-22T12:36:44.305953Z
AGM.A,False,False,False,False,False,False,ok,,2026-07-22T12:36:44.305953Z
AGNC,True,True,True,True,True,True,ok,,2026-07-22T12:36:44.305953Z
AGNT,True,True,True,True,True,True,ok,,2026-07-22T12:36:44.305953Z
AGO,True,True,True,True,True,True,ok,,2026-07-22T12:36:44.305953Z
AGRO,True,True,True,True,True,True,ok,,2026-07-22T12:36:44.305953Z
AGX,True,True,True,True,True,True,ok,,2026-07-22T12:36:44.305953Z
AGYS,True,True,True,True,True,True,ok,,2026-07-22T12:36:44.305953Z
AHG,False,True,False,True,False,True,ok,,2026-07-22T12:36:44.305953Z
AHR,True,True,False,True,True,True,ok,,2026-07-22T12:36:44.305953Z
AHRT,True,True,False,True,True,True,ok,,2026-07-22T12:36:44.305953Z
AI,True,True,True,True,True,True,ok,,2026-07-22T12:36:44.305953Z
AIAI,False,True,False,True,True,True,ok,,2026-07-22T12:36:44.305953Z
AIG,True,True,False,True,True,True,ok,,2026-07-22T12:36:44.305953Z
AIIR,False,True,False,True,True,True,ok,,2026-07-22T12:36:44.305953Z
AIN,True,True,True,True,True,True,ok,,2026-07-22T12:36:44.305953Z
AIO,False,True,False,False,True,True,ok,,2026-07-22T12:36:44.305953Z
AIOT,True,True,True,True,True,True,ok,,2026-07-22T12:36:44.305953Z
AIP,True,True,False,True,True,True,ok,,2026-07-22T12:36:44.305953Z
AIR,True,True,True,True,True,True,ok,,2026-07-22T12:36:44.305953Z
AIT,True,True,False,True,True,True,ok,,2026-07-22T12:36:44.305953Z
AIZ,True,True,False,True,True,True,ok,,2026-07-22T12:36:44.305953Z
AJG,True,True,False,True,True,True,ok,,2026-07-22T12:36:44.305953Z
AKAM,False,True,False,True,True,True,partial,calendar:Timeout,2026-07-22T13:36:55.524039Z
AKR,False,True,True,True,False,True,ok,,2026-07-22T13:36:55.524039Z
ALAB,True,True,False,True,True,True,ok,,2026-07-22T13:36:55.524039Z
ALB,True,True,True,True,True,True,ok,,2026-07-22T13:36:55.524039Z
ALC,True,True,False,True,False,True,ok,,2026-07-22T13:36:55.524039Z
ALG,True,False,True,True,True,True,ok,,2026-07-22T13:36:55.524039Z
ALGM,False,True,False,True,True,True,partial,calendar:Timeout,2026-07-22T13:36:55.524039Z
ALGN,True,True,False,True,True,True,ok,,2026-07-22T13:36:55.524039Z
ALGT,True,True,True,True,True,True,ok,,2026-07-22T13:36:55.524039Z
ALH,True,True,False,True,True,True,ok,,2026-07-22T13:36:55.524039Z
ALK,True,True,True,True,True,True,ok,,2026-07-22T13:36:55.524039Z
ALKT,True,True,True,True,True,True,ok,,2026-07-22T13:36:55.524039Z
ALL,True,True,False,True,True,True,ok,,2026-07-22T13:36:55.524039Z
ALLE,True,True,True,True,True,True,ok,,2026-07-22T13:36:55.524039Z
ALLY,True,True,True,True,True,True,ok,,2026-07-22T13:36:55.524039Z
ALM,True,True,False,True,True,True,ok,,2026-07-22T13:36:55.524039Z
ALNT,True,True,True,True,True,True,ok,,2026-07-22T13:36:55.524039Z
ALNY,True,True,True,True,True,True,ok,,2026-07-22T13:36:55.524039Z
ALOY,False,True,False,True,True,True,ok,,2026-07-22T13:36:55.524039Z
ALRM,True,True,True,True,True,True,ok,,2026-07-22T13:36:55.524039Z
ALRS,True,True,False,True,True,True,ok,,2026-07-22T13:36:55.524039Z
ALSN,True,True,False,True,True,True,ok,,2026-07-22T13:36:55.524039Z
ALTI,True,True,False,True,True,True,ok,,2026-07-22T13:36:55.524039Z
ALV,True,True,True,True,True,True,ok,,2026-07-22T13:36:55.524039Z
ALX,True,True,False,True,True,True,ok,,2026-07-22T13:36:55.524039Z
AM,True,True,False,True,True,True,ok,,2026-07-22T13:36:55.524039Z
AMAL,True,True,False,True,True,True,ok,,2026-07-22T13:36:55.524039Z
AMAT,True,True,True,True,True,True,ok,,2026-07-22T13:36:55.524039Z
AMBA,True,True,True,True,True,True,ok,,2026-07-22T13:36:55.524039Z
AMBP,True,True,True,True,True,True,ok,,2026-07-22T13:36:55.524039Z
AMBQ,True,True,False,True,True,True,ok,,2026-07-22T13:36:55.524039Z
AMC,True,True,False,True,True,True,ok,,2026-07-22T13:36:55.524039Z
AMCR,True,True,False,True,False,True,ok,,2026-07-22T13:36:55.524039Z
AMD,False,True,False,True,True,True,ok,,2026-07-22T13:36:55.524039Z
AME,True,True,False,True,True,True,ok,,2026-07-22T13:36:55.524039Z
AMG,False,True,True,True,True,True,ok,,2026-07-22T13:36:55.524039Z
AMGN,True,True,True,True,True,True,ok,,2026-07-22T13:36:55.524039Z
AMH,False,True,True,True,True,True,ok,,2026-07-22T13:36:55.524039Z
AMKR,True,True,False,True,True,True,ok,,2026-07-22T13:36:55.524039Z
AMN,True,True,True,True,True,True,ok,,2026-07-22T13:36:55.524039Z
AMP,False,True,True,True,True,True,ok,,2026-07-22T13:36:55.524039Z
AMPL,True,True,False,True,True,True,ok,,2026-07-22T13:36:55.524039Z
AMPX,True,True,False,True,True,True,ok,,2026-07-22T13:36:55.524039Z
AMR,True,True,True,True,True,True,ok,,2026-07-22T13:36:55.524039Z
AMRC,True,True,True,True,True,True,ok,,2026-07-22T13:36:55.524039Z
AMRZ,True,True,True,True,True,True,ok,,2026-07-22T13:36:55.524039Z
AMSC,True,True,True,True,True,True,ok,,2026-07-22T13:36:55.524039Z
AMSF,True,True,False,True,True,True,ok,,2026-07-22T13:36:55.524039Z
AMT,True,True,False,True,True,True,ok,,2026-07-22T13:36:55.524039Z
AMTB,True,True,False,True,True,True,ok,,2026-07-22T13:36:55.524039Z
